epoch,trainLoss,trainError,valLoss,valError
59,0.24316805200494604,0.0007386130488304943,5.715550873473227,0.11451398135818913
