epoch,trainLoss,trainError,valLoss,valError
59,0.24112619958846215,0.0007585335018963635,7.478141072808508,0.10256410256410253
