epoch,trainLoss,trainError,valLoss,valError
1,21.857114570376616,0.5824374230611408,23.666946025091544,0.7017310252996005
