epoch,trainLoss,trainError,valLoss,valError
0,32.406010888451476,0.8588428395568322,27.845846325992426,0.829560585885486
